Bonk Helm,1.66
The Superfan,1.88
Hermes,1.55
Fed-Fightin' Fedora,1.55
Flight of the Monarch,1.77
Bacteria Blocker,3
Macho Mann,4.66
Scout Shako,1.55
Argyle Ace,1.55
Ye Olde Baker Boy,1.66
Bonk Boy,1.66
Big Elfin Deal,1.44
Dillinger's Duffel,1.55
Spooky Shoes,1.55
Beastly Bonnet,1.77
Delinquent's Down Vest,1.77
Runner's Warm-Up,1.55
Pomade Prince,1.55
Baseball Bill's Sports Shine,3.11
Hero's Tail,10
Bootie Time,1.44
Triad Trinket,1.66
Spooky Sleeves,1.55
Cheet Sheet,2.11
Beep Boy,1.55
Sole Saviors,1.55
Biomech Backpack,3.33
Troublemaker's Tossle Cap,2.44
Sign of the Wolf's School,1.77
Boston Boom-Bringer,1.66
Champ Stamp,1.66
Digit Divulger,2.22
Bigg Mann on Campus,1.88
Weight Room Warmer,7.22
Ticket Boy,2.77
Alien Cranium,2.66
Whoopee Cap,1.55
Planeswalker Goggles,2.11
Fast Learner,2.22
Track Terrorizer,1.77
Mutton Mann,1.55
Cool Cat Cardigan,2
Flapjack,5
Frickin' Sweet Ninja Hood,1.77
Xeno Suit,4.55
Milkman,1.55
El Jefe,1.77
Teufort Tooth Kicker,1.55
Crafty Hair,2
Wilson Weave,2.11
Greased Lightning,1.44
Frenchman's Formals,1.66
Southie Shinobi,1.55
Bootenkhamuns,1.55
Bombing Run,1.44
Backwards Ballcap,1.66
Front Runner,1.66
Flunkyware,1.77
Buck Turner All-Stars,35.22
Caffeine Cooler,1.55
Chucklenuts,1.44
Red Socks,1.66
Orion's Belt,1.55
Flipped Trilby,1.66
Stereoscopic Shades,1.66
Cross-Comm Express,2.55
Hanger-On Hood,2.11
Tomb Wrapper,2.33
Half-Pipe Hurdler,1.44
Little Drummer Mann,1.55
Paisley Pro,1.55
Stainless Pot,1.66
Defiant Spartan,1.44
Lord Cockswain's Pith Helmet,1.55
All-Father,14.33
Cross-Comm Crash Helmet,1.66
Chief Constable,1.66
Powdered Practitioner,1.44
Rebel Rouser,1.55
Slo-Poke,1.55
Man in Slacks,2.66
Tyrant's Helm,1.55
Hero's Hachimaki,2.11
Lord Cockswain's Novelty Mutton Chops and Pipe,2
Kringle Collection,2.55
Professor's Pineapple,2
Deadliest Duckling,3.11
Cloud Crasher,1.55
Shogun's Shoulder Guard,2.22
Toy Soldier,1.44
Killer's Kabuto,2
Team Captain,8.55
Armored Authority,1.55
Lucky Shot,1.55
War Pig,1.66
Soldier's Slope Scopers,1.55
Macho Mann,4.66
Hornblower,2.11
Antarctic Parka,10.66
Sergeant's Drill Hat,1.55
Honcho's Headgear,1.55
Fancy Dress Uniform,1.88
Battle Bob,3
Soldier's Stogie,4.11
Mutton Mann,1.55
Valley Forge,1.55
Lieutenant Bites,1.44
Marshall's Mutton Chops,1.55
Grenadier's Softcap,1.55
Pocket Medic,1.55
Stahlhelm,1.66
Conquistador,1.44
Crafty Hair,2
Doe-Boy,1.55
Compatriot,1.55
Brawling Buccaneer,1.66
Ground Control,3.11
Chieftain's Challenge,1.55
Furious Fukaamigasa,1.44
Infernal Impaler,1.44
Captain's Cocktails,1.44
Menpo,3.88
Big Daddy,1.66
Caribbean Conqueror,1.55
Founding Father,1.66
Killer's Kit,7.33
Stout Shako,1.55
Jumper's Jeepcap,1.55
Hat With No Name,1.66
Helmet Without a Home,1.44
Bonedolier,1.44
First American,1.55
Colonial Clogs,1.66
Viking Braider,1.55
Classified Coif,5.22
Exquisite Rack,1.88
Brain Bucket,1.55
Ornament Armament,1.44
Teufort Tooth Kicker,1.55
Exorcizor,1.66
Gilded Guard,1.55
Whirly Warrior,1.44
Cuban Bristle Crisis,14.33
Spook Specs,2
Respectless Rubber Glove,1.55
Handyman's Handle,1.44
Stately Steel Toe,1.44
Cremator's Conscience,1.55
Professor's Pineapple,2
Coffin Kit,1.55
Nabler,1.77
Hive Minder,1.44
Blizzard Breather,1.77
Gas Guzzler,1.44
Brigade Helm,1.44
Pyromancer's Mask,4.11
Last Breath,6.77
Ornament Armament,1.44
HazMat Headcase,1.66
Deadliest Duckling,3.11
Steel Sixpack,2.22
Pampered Pyro,1.44
Sub Zero Suit,15.66
Smoking Skid Lid,1.55
Triboniophorus Tyrannus,1.55
Prancer's Pride,1.44
Apparition's Aspect,3.55
Head Warmer,1.77
Russian Rocketeer,1.55
DethKapp,3.11
Centurion,1.77
Bone Dome,1.44
Trail-Blazer,1.44
Lunatic's Leathers,3.77
Whiskered Gentleman,1.55
Madame Dixie,1.55
Moonman Backpack,1.44
Jingle Belt,1.44
Area 451,2
Nose Candy,3.33
Mair Mask,1.66
Air Raider,1.55
Tiny Timber,1.55
Employee of the Mmmph,1.55
Vintage Merryweather,1.55
Hottie's Hoodie,1.55
Bubble Pipe,1.44
Infernal Orchestrina,1.44
Pyrotechnic Tote,1.44
Rail Spikes,3.77
El Muchacho,1.55
Beep Boy,1.55
Toy Tailor,1.44
Frymaster,1.55
Attendant,1.44
Sight for Sore Eyes,2.55
Little Buddy,1.55
Burning Bongos,1.44
Bonedolier,1.44
Winter Wonderland Wrap,2.22
Backpack Broiler,1.55
Special Eyes,2.22
Sole Mate,1.77
Combustible Kabuto,1.44
Old Guadalajara,1.55
Connoisseur's Cap,1.66
Birdcage,1.44
Waxy Wayfinder,1.55
Exorcizor,1.66
Person in the Iron Mask,1.88
Burning Bandana,1.55
Trickster's Turnout Gear,4
Cute Suit,14.77
Napper's Respite,1.44
Dead Cone,1.55
Flamboyant Flamenco,1.77
Scrap Pack,1.66
Wraith Wrap,1.55
Breather Bag,1.77
Soot Suit,1.77
Pop-Eyes,1.66
Sengoku Scorcher,1.66
Glengarry Bonnet,1.55
Prince Tavish's Crown,2.33
Tavish DeGroot Experience,1.55
Snapped Pupil,1.55
K-9 Mane,1.77
Buck Turner All-Stars,35.22
Tartan Spartan,1.55
Sub Zero Suit,15.66
Toowoomba Tunic,2.22
Scotsman's Stove Pipe,1.66
Samur-Eye,2
Buccaneer's Bicorne,1.66
Teufort Tooth Kicker,1.55
Bonedolier,1.44
Blind Justice,1.77
Gaelic Golf Bag,1.44
Highland High Heels,1.44
Razor Cut,1.55
Hustler's Hallmark,1.55
Private Eye,1.55
A Whiff of the Old Brimstone,1.44
Professor's Pineapple,2
Spooky Sleeves,1.55
Tartantaloons,5.11
Whiskey Bib,1.44
Tartan Tyrolean,1.66
Frontier Djustice,1.55
Tippler's Tricorne,1.55
Reggaelator,1.66
Hat With No Name,1.66
Liquor Locker,1.55
Voodoo JuJu (Slight Return),1.55
Tartan Shade,4.88
Stormin' Norman,1.55
Stylish DeGroot,1.88
Allbrero,1.55
Rimmed Raincatcher,1.66
Sultan's Ceremonial,1.66
Ornament Armament,1.44
Bird-Man of Aberdeen,1.66
Deadliest Duckling,3.11
Dark Age Defender,3.55
Gaelic Garb,3
Bushi-Dou,11.22
Seeing Double,1.44
Sober Stuntman,1.44
Conjurer's Cowl,1.55
All-Father,14.33
Bearded Bombardier,7.55
Cool Breeze,3.55
Glasgow Great Helm,1.55
Weight Room Warmer,7.22
Sole Saviors,1.55
Six Pack Abs,1.66
Carouser's Capotain,1.55
Tam O' Shanter,1.55
Bolgan,1.66
King of Scotland Cape,5.55
Mutton Mann,1.55
Macho Mann,4.66
Hurt Locher,1.77
Juggernaut Jacket,3.88
Scotch Bonnet,1.66
Mask of the Shaman,1.66
Aladdin's Private Reserve,1.55
Menpo,3.88
Wilson Weave,2.11
Black Watch,1.66
Pirate Bandana,1.55
Sangu Sleeves,3
Officer's Ushanka,3.77
Magnificent Mongolian,1.55
Security Shades,3.44
Gym Rat,1.55
Soviet Gentleman,1.66
Mutton Mann,1.55
Little Bear,1.44
Bear Necessities,1.55
Heavy Lifter,15.33
Eliminator's Safeguard,4
Tough Guy's Toque,1.66
Coupe D'isaster,1.55
Big Steel Jaw of Summer Fun,1.55
War Head,1.66
Crafty Hair,2
Carl,4.22
Tyurtlenek,1.66
Bolshevik Biker,1.44
Gone Commando,6.55
Combat Slacks,5.66
Hound Dog,1.55
Dread Knot,1.55
Pilotka,1.77
Sandvich Safe,1.44
Heavy Artillery Officer's Cap,1.88
Aqua Flops,4.11
Red Army Robin,1.66
Gabe Glasses,1.44
Bullet Buzz,1.88
Sammy Cap,1.44
Heavy Duty Rag,1.66
Team Captain,8.55
Dragonborn Helmet,1.55
All-Father,14.33
K-9 Mane,1.77
Hunger Force,3
Heavy-Weight Champ,1.55
Viking Braider,1.55
Leftover Trap,3.22
Yuri's Revenge,1.55
Pugilist's Protector,1.55
Large Luchadore,1.44
Purity Fist,2.33
Toss-Proof Towel,1.44
Spooky Sleeves,1.55
Wilson Weave,2.11
Tsarboosh,1.55
Cuban Bristle Crisis,14.33
Trash Man,1.66
Jungle Booty,1.55
Hard Counter,1.44
Pocket Medic,1.55
Cold War Luchador,1.66
Apparatchik's Apparel,1.66
Siberian Sophisticate,5.88
Pounding Father,1.55
Macho Mann,4.66
Weight Room Warmer,7.22
Rat Stompers,1.66
Cadaver's Cranium,1.66
Capo's Capper,1.55
One-Man Army,1.66
Triad Trinket,1.66
Brock's Locks,2
Der Maschinensoldaten-Helm,4
Katyusha,1.55
Minnesota Slick,1.55
Warmth Preserver,1.77
Big Chief,1.55
Copper's Hard Top,1.55
Outdoorsman,1.55
Champ Stamp,1.66
Heavy's Hockey Hair,1.55
Die Regime-Panzerung,6.44
Borscht Belt,1.55
Mann of the House,2
War Goggles,2.33
Texas Ten Gallon,3.22
Big Country,1.55
Wingstick,1.44
All-Father,14.33
Crafty Hair,2
Wilson Weave,2.11
Flared Frontiersman,1.55
Trencher's Topper,1.88
Peacenik's Ponytail,1.55
Engineer's Cap,1.55
Professor's Peculiarity,1.55
Brainiac Hairpiece,1.66
Stocking Stuffer,1.55
Spooky Sleeves,1.55
Vox Diabolus,1.88
Viking Braider,1.55
Trencher's Tunic,4.77
Level Three Chin,10.33
Texas Slim's Dome Shine,2.66
Teddy Roosebelt,1.55
Brainiac Goggles,1.55
Teufort Tooth Kicker,1.55
Deadliest Duckling,3.11
Mister Bubbles,1.55
Cuban Bristle Crisis,14.33
Ein,1.77
Egghead's Overalls,5.55
Hotrod,1.66
Googly Gazer,1.55
Pencil Pusher,1.55
Texas Half-Pants,1.66
Mutton Mann,1.55
Pocket Pyro,1.55
Beep Boy,1.55
Scotch Saver,10.66
Lonesome Loafers,1.55
Safe'n'Sound,1.55
Ol' Geezer,1.55
Builder's Blueprints,1.44
Idea Tube,1.55
Barnstormer,1.55
Macho Mann,4.66
Special Eyes,2.22
Cute Suit,14.77
Endothermic Exowear,4
Buckaroo's Hat,1.55
Hetman's Headpiece,1.55
Virtual Reality Headset,1.66
Triad Trinket,1.66
Prize Plushy,1.77
Trash Toter,1.66
Gold Digger,3.11
Antarctic Researcher,9
Danger,9.33
Industrial Festivizer,3.22
Prairie Heel Biters,1.55
Hat With No Name,1.66
Champ Stamp,1.66
Grizzled Growth,2.77
Dry Gulch Gulp,1.55
Face Full of Festive,1.66
Tools of the Trade,1.66
Western Wear,1.55
Pip-Boy,3.22
Itsy Bitsy Spyer,1.55
Pocket Purrer,1.55
Last Straw,1.77
Pardner's Pompadour,1.55
Dogfighter,6.33
Joe-on-the-Go,1.44
Vintage Tyrolean,1.55
Geisha Boy,1.44
Couvre Corner,1.55
Gentleman's Ushanka,1.55
Doc's Holiday,2.11
Das Ubersternmann,1.55
A Brush with Death,4.44
Dough Puncher,2.11
Medicine Manpurse,1.66
Otolaryngologist's Mirror,1.55
Team Captain,8.55
Surgeon's Stethoscope,1.55
Medi-Mask,1.77
Mutton Mann,1.55
Das Metalmeatencasen,1.55
Slick Cut,1.44
Teutonic Toque,1.66
Chronoscarf,1.55
Physician's Procedure Mask,1.55
Medic's Mountain Cap,1.55
Dr. Whoa,1.44
Archimedes,4
Wilson Weave,2.11
Das Naggenvatcher,1.55
Ward,1.66
Heat of Winter,19
Ze Goggles,1.55
Grimm Hatte,1.55
All-Father,14.33
Crafty Hair,2
Weather Master,2.22
Das Maddendoktor,1.44
Nunhood,4.22
Colonel's Coat,5.44
Gentleman's Gatsby,1.55
Private Eye,1.55
Nine-Pipe Problem,1.77
Combat Medic's Crusher Cap,2.77
Powdered Practitioner,1.44
Das Gutenkutteharen,1.55
Angel of Death,5
Smock Surgeon,4.55
Berliner's Bucket Helm,1.55
Doctor's Sack,1.55
Scrap Pack,1.66
Foppish Physician,2.44
Macho Mann,4.66
Baron von Havenaplane,1.44
Mann of Reason,1.44
Heer's Helmet,3
Blighted Beak,10.22
Planeswalker Helm,1.55
Quadwrangler,3.33
Exorcizor,1.66
Das Hazmattenhatten,1.66
Das Fantzipantzen,1.55
Ruffled Ruprecht,1.66
Gaiter Guards,3.22
German Gonzila,1.55
Surgeon's Stahlhelm,1.66
Surgeon's Side Satchel,1.55
Der Wintermantel,2.33
Das Feelinbeterbager,1.44
Medical Mystery,1.88
Fashionable Megalomaniac,3
Ze Übermensch,1.66
Professional's Panama,1.55
Villain's Veil,2.77
Itsy Bitsy Spyer,1.55
Triad Trinket,1.66
Cold Killer,1.44
Cobber Chameleon,1.55
Five-Month Shadow,3
Triggerman's Tacticals,6.11
Master's Yellow Belt,1.55
Desert Marauder,1.66
All-Father,14.33
Champ Stamp,1.66
Mutton Mann,1.55
Falconer,1.55
Golden Garment,1.44
Ritzy Rick's Hair Fixative,2
Anger,3
Bushman's Boonie,2
Lone Star,2.33
Sydney Straw Boat,1.77
Wet Works,1.44
Extra Layer,1.55
Shooter's Sola Topi,1.55
Your Worst Nightmare,1.77
Teufort Tooth Kicker,1.55
Koala Compact,1.44
Steel Songbird,1.55
Chronomancer,2
Huntsman's Essentials,1.88
Bloke's Bucket Hat,1.44
Crocodile Smile,1.55
Fruit Shoot,1.55
Stovepipe Sniper Shako,1.55
Criminal Cloak,1.55
Brim-Full of Bullets,1.55
Archer's Groundings,2.22
Ol' Snaggletooth,1.55
Swagman's Swatter,1.66
Doublecross-Comm,10.11
Sir Hootsalot,1.66
Dread Hiding Hood,1.66
Li'l Snaggletooth,1.55
Toowoomba Tunic,2.22
Larrikin Robin,1.55
Hat With No Name,1.66
Liquidator's Lid,1.66
Spooky Sleeves,1.55
Macho Mann,4.66
Snow Scoper,3.22
Deep Cover Operator,2.66
Crocleather Slouch,1.55
Outback Intellectual,1.55
HazMat Headcase,1.66
Deadliest Duckling,3.11
Birdman of Australiacatraz,1.66
Toy Soldier,1.44
Scoper's Smoke,1.66
Camera Beard,1.55
Private Eye,1.55
L'Inspecteur,1.55
Hat of Cards,1.77
Macho Mann,4.66
Frenchman's Formals,1.66
Backbiter's Billycock,1.55
Charmer's Chapeau,1.66
Spectre's Spectacles,1.55
Lacking Moral Fiber Mask,2.44
Harmburg,1.55
Backstabber's Boomslang,2.55
Magistrate's Mullet,1.55
Janissary Ketche,1.44
Dashin' Hashshashin,4.55
Distinguished Rogue,2.22
Rogue's Brogues,1.44
Napoleon Complex,1.55
Frenchman's Beret,1.55
Cosa Nostra Cap,2.44
Dr. Whoa,1.44
Scarecrow,1.44
Belgian Detective,1.55
Deep Cover Operator,2.66
Familiar Fez,1.66
Made Man,1.55
Sneaky Spats of Sneaking,2.11
Exorcizor,1.66
Blood Banker,1.55
Rogue's Robe,2.55
Détective Noir,1.55
Rogue's Col Roule,1.66
Doublecross-Comm,10.11
Cut Throat Concierge,2
After Dark,1.55
Aviator Assassin,1.55
Le Party Phantom,1.66
Nanobalaclava,1.44
Business Casual,1.55
Powdered Practitioner,1.44
L'homme Burglerre,1.55
Sky Captain,1.55
Noh Mercy,5.22
Counterfeit Billycock,1.55
Triad Trinket,1.66
Pom-Pommed Provocateur,1.55
Escapist,1.55
Au Courant Assassin,1.55
Towering Pillar of Hats,1.44
Company Man,1.55
Point and Shoot,5.33
Human Cannonball,1.44
Cockfighter,3.22
Antlers,1.55
Brotherhood of Arms,4.44
Dictator,2.11
Bruiser's Bandanna,11.66
Tomb Readers,3.88
Noble Amassment of Hats,1.44
Killer Exclusive,1.55
Brown Bomber,1.55
Awesomenauts Badge,1.55
Hitt Mann Badge,1.55
Reindoonicorn,1.44
Well-Rounded Rifleman,1.55
Neckwear Headwear,1.55
Merc's Mohawk,1.55
Brimstone,2.66
Modest Pile of Hat,1.55
Mark of the Saint,1.55
Warsworn Helmet,1.88
Vigilant Pin,1.66
That '70s Chapeau,9.88
Brütal Bouffant,7.55
Breakneck Baggies,7
Dead of Night,29.44
Eye-Catcher,2
Pocket Raiders,1.55
Dr's Dapper Topper,1.66
Salty Dog,1.66
Bolgan Family Crest,1.55
Heroic Companion Badge,1.44
Tuxxy,1.66
Croft's Crest,1.55
Graybanns,7
Kiss King,1.44
Vive La France,1.77
Prinny Pouch,1.55
Horrific Headsplitter,1.55
Hot Dogger,1.55
Merc Medal,1.55
Rump-o'-Lantern,1.44
Faerie Solitaire Pin,1.55
Fortune Hunter,1.88
Federal Casemaker,1.66
Polar Pullover,1.66
Tipped Lid,1.44
Prinny Hat,2.22
A Rather Festive Tree,1.55
Flair!,4.11
Balloonicorn,1.55
Whale Bone Charm,1.55
Tough Stuff Muffs,1.55
Baronial Badge,1.33
Virtual Viewfinder,1.55
Mustachioed Mann,2.22
MK 50,3.66
The Athletic Supporter,1.55
Photo Badge,1.77
Atomic Accolade,1.66
Crone's Dome,1.66
Merc's Muffler,2.77
Crosslinker's Coil,1.55
Cotton Head,1.44
Dark Falkirk Helm,2.11
Dadliest Catch,2.11
Deus Specs,1.55
Clan Pride,1.55
Marxman,1.66
Executioner,2
Smissmas Wreath,1.77
Hardy Laurel,3.66
Hong Kong Cone,8.11
Law,2
Crown of the Old Kingdom,1.44
